,d_name,edp_365,current_expense_ada,current_expense_per_ada,lea_type
0,Alameda Unified,117225882.5,8968.85,13070.335940505192,Unified
1,Albany City Unified,46611059.59,3544.52,13150.175366481217,Unified
2,Berkeley Unified,159457818.49,9356.44,17042.573723552974,Unified
3,Castro Valley Unified,102239937.34,8940.2,11435.978763338628,Unified
4,Emery Unified,12504023.21,681.82,18339.185136839635,Unified
5,Fremont Unified,382169476.39,33966.73,11251.288434005863,Unified
6,Hayward Unified,266964086.73,18755.2,14234.137024931752,Unified
7,Livermore Valley Joint Unified,158623654.06,13142.04,12069.941505276198,Unified
9,Newark Unified,66780274.76,5552.86,12026.284610092818,Unified
10,New Haven Unified,124186922.85,10017.51,12396.985163977874,Unified
11,Oakland Unified,538133451.77,32801.87,16405.572358222256,Unified
12,Piedmont City Unified,42452180.51,2521.94,16833.144527625558,Unified
13,San Leandro Unified,106671109.38,8472.52,12590.245804081902,Unified
14,San Lorenzo Unified,129723029.06,9643.82,13451.415420445426,Unified
15,Dublin Unified,122537246.11,11769.85,10411.113659902207,Unified
16,Pleasanton Unified,165366882.26,14502.94,11402.300654901695,Unified
17,Sunol Glen Unified,3706763.5,287.16,12908.355968797881,Unified
18,Alpine County Unified,3202880.16,74.47,43008.99906002417,Unified
19,Amador County Unified,36092488.9,3775.31,9560.13914089174,Unified
21,Biggs Unified,6898491.99,580.23,11889.237009461765,Unified
22,Chico Unified,145844464.85,11783.23,12377.290848943796,Unified
23,Durham Unified,11132391.88,997.79,11157.048958197618,Unified
28,Oroville Union High,27856421.22,1981.0,14061.797688036344,High
30,Paradise Unified,39503177.92,3152.85,12529.355319790033,Unified
33,Gridley Unified,23369909.91,1981.06,11796.669414353932,Unified
34,Bret Harte Union High,10985988.83,598.04,18369.99001739014,High
35,Calaveras Unified,31919226.42,2644.37,12070.635508646674,Unified
38,Colusa Unified,15853987.43,1422.61,11144.296349667162,Unified
39,Maxwell Unified,4254259.99,326.88,13014.745441752326,Unified
40,Pierce Joint Unified,15109109.81,1415.63,10673.064155181792,Unified
41,Williams Unified,15600533.12,1227.27,12711.573753126859,Unified
42,Acalanes Union High,80123902.3,5426.46,14765.409180202194,High
43,Antioch Unified,205569457.13,15156.59,13563.041365505038,Unified
47,John Swett Unified,16944620.73,1335.12,12691.458992450118,Unified
50,Liberty Union High,90972618.34,7762.41,11719.63582701764,High
51,Martinez Unified,45252516.04,3935.66,11498.075555307116,Unified
53,Mt. Diablo Unified,378275568.53,29298.72,12910.99298979614,Unified
56,Pittsburg Unified,140830835.49,10723.85,13132.488377774773,Unified
57,West Contra Costa Unified,356728761.91,26406.71,13509.019560179971,Unified
58,San Ramon Valley Unified,339618872.5,31055.22,10935.967367160818,Unified
60,Del Norte County Unified,44698597.3,3392.97,13173.885209713024,Unified
63,El Dorado Union High,77743140.76,6299.68,12340.807907703249,High
67,Lake Tahoe Unified,48032847.67,3590.02,13379.548768530538,Unified
75,Black Oak Mine Unified,11758400.93,977.58,12028.070265349126,Unified
80,Clovis Unified,445849473.76,41008.48,10872.128734349577,Unified
81,Coalinga-Huron Unified,54650684.31,4015.7,13609.254752596062,Unified
82,Fowler Unified,31435016.84,2482.44,12662.951305973154,Unified
83,Fresno Unified,910693019.62,66761.96,13640.896996133724,Unified
85,Kingsburg Joint Union High,13772119.34,1099.16,12529.676607591251,High
86,Kings Canyon Joint Unified,117294184.14,9081.53,12915.68536799416,Unified
87,Laton Joint Unified,9666240.15,631.78,15300.009734401217,Unified
91,Parlier Unified,43396409.98,3315.64,13088.396201035093,Unified
94,Sanger Unified,126812104.77,10417.61,12172.85968374704,Unified
95,Selma Unified,83968563.15,6099.85,13765.676721558728,Unified
99,Firebaugh-Las Deltas Unified,30060423.62,2155.56,13945.52859581733,Unified
100,Central Unified,174390715.01,14932.98,11678.225981016514,Unified
101,Kerman Unified,55517150.47,5018.86,11061.705341452043,Unified
102,Mendota Unified,40020598.57,3330.32,12017.042977851977,Unified
103,Golden Plains Unified,23921080.97,1546.63,15466.582809075213,Unified
104,Sierra Unified,17211194.94,1194.08,14413.770383893878,Unified
105,Riverdale Joint Unified,20726992.18,1506.65,13757.00539607739,Unified
106,Caruthers Unified,18017826.49,1443.35,12483.338407177745,Unified
107,Washington Unified,34915218.23,2461.02,14187.295605074318,Unified
111,Princeton Joint Unified,2211203.36,135.86,16275.60253201825,Unified
112,Stony Creek Joint Unified,1796497.38,59.68,30102.16789544236,Unified
113,Willows Unified,13541257.01,1380.38,9809.803829380315,Unified
114,Orland Joint Unified,25846507.24,2133.82,12112.78703920668,Unified
115,Hamilton Unified,7881946.74,687.79,11459.815844952676,Unified
117,Northern Humboldt Union High,20452052.57,1406.31,14543.061323605749,High
124,Fortuna Union High,13456258.65,1011.23,13306.823027402274,High
130,Klamath-Trinity Joint Unified,19542112.24,894.77,21840.37488963644,Unified
141,Southern Humboldt Joint Unified,9447330.49,690.22,13687.4192141636,Unified
143,Ferndale Unified,6593766.84,450.64,14632.005236996272,Unified
144,Mattole Unified,1699397.98,48.79,34830.866571018654,Unified
145,Eureka City Unified,42610085.71,3387.66,12578.028996416406,Unified
148,Brawley Union High,25381776.4,1843.55,13767.88066502129,High
149,Calexico Unified,117889165.07,8786.56,13416.987429665307,Unified
150,Calipatria Unified,15757347.24,1080.21,14587.299913905628,Unified
151,Central Union High,52303844.74,3952.8,13232.099964582068,High
154,Holtville Unified,19498582.91,1509.37,12918.358593320392,Unified
155,Imperial Unified,46140787.99,4117.91,11204.904427245861,Unified
160,San Pasqual Valley Unified,15094511.35,645.87,23370.81974700791,Unified
163,Big Pine Unified,3651349.03,128.09,28506.120930595673,Unified
164,Death Valley Unified,1304764.47,25.21,51755.82982943276,Unified
165,Lone Pine Unified,4996604.85,295.48,16910.12877352105,Unified
166,Owens Valley Unified,2000202.22,74.3,26920.622072678332,Unified
168,Bishop Unified,22035265.35,1862.56,11830.633831930249,Unified
178,Delano Joint Union High,56962787.65,4028.35,14140.476286817184,High
186,Kern High,515782697.33,37677.86,13689.27792953209,High
194,Maricopa Unified,5600755.2,275.97,20294.7972605718,Unified
197,Mojave Unified,32978837.03,2559.87,12883.012430318728,Unified
198,Muroc Joint Unified,19221351.13,1688.71,11382.268790970622,Unified
203,Southern Kern Unified,41783045.65,3329.18,12550.551682396266,Unified
207,Taft Union High,21214926.93,952.54,22271.953860205347,High
208,Tehachapi Unified,43350427.29,4029.78,10757.517107633666,Unified
211,Wasco Union High,21409174.16,1750.19,12232.485707266069,High
213,Sierra Sands Unified,57305929.19,4849.05,11817.970363267032,Unified
214,Mcfarland Unified,41739885.55,3306.93,12621.944084090077,Unified
215,El Tejon Unified,8625448.99,684.41,12602.751260209525,Unified
218,Corcoran Joint Unified,39711773.39,3118.53,12734.132232173492,Unified
220,Hanford Joint Union High,46471416.45,3603.6,12895.830960705962,High
226,Lemoore Union High,23235434.2,1812.35,12820.610919524375,High
228,Reef-Sunset Unified,33543580.55,2550.86,13149.91044196859,Unified
229,Kelseyville Unified,21984210.28,1596.33,13771.720308457527,Unified
230,Konocti Unified,43234686.37,3226.14,13401.367073344616,Unified
231,Lakeport Unified,18211595.17,1365.89,13333.134564276772,Unified
233,Middletown Unified,15726039.78,1399.11,11240.031005424878,Unified
234,Upper Lake Unified,10287378.07,760.23,13531.928587401182,Unified
235,Big Valley Joint Unified,2443847.29,122.78,19904.278302655155,Unified
238,Lassen Union High,9631137.89,724.86,13286.893869160942,High
243,Westwood Unified,2608781.27,165.5,15763.028821752267,Unified
244,Fort Sage Unified,2312850.4,124.13,18632.485297671796,Unified
245,ABC Unified,230685270.33,19754.36,11677.688891464973,Unified
246,Antelope Valley Union High,270991264.1,19425.97,13949.947626810914,High
247,Arcadia Unified,106247183.82,9128.98,11638.45071629032,Unified
248,Azusa Unified,110109228.03,7744.16,14218.35654609409,Unified
249,Baldwin Park Unified,166397356.72,12017.21,13846.588078264424,Unified
250,Bassett Unified,43150223.41,3318.11,13004.458384441745,Unified
251,Bellflower Unified,145793378.49,11291.62,12911.644076757808,Unified
252,Beverly Hills Unified,71118089.23,3599.35,19758.59230972259,Unified
253,Bonita Unified,107261273.8,9670.69,11091.377533557585,Unified
254,Burbank Unified,169596961.86,14579.31,11632.715256071791,Unified
256,Centinela Valley Union High,95859688.8,5935.08,16151.372652095675,High
257,Charter Oak Unified,55746076.09,4457.01,12507.505275958547,Unified
258,Claremont Unified,76595379.22,6658.99,11502.552071710576,Unified
259,Covina-Valley Unified,147089434.81,11258.91,13064.269526090891,Unified
260,Culver City Unified,79743589.95,6864.99,11615.980496694097,Unified
261,Downey Unified,271186754.25,21135.17,12831.065671579649,Unified
262,Duarte Unified,45566001.18,3416.81,13335.831134888975,Unified
266,El Monte Union High,121314592.88,8130.07,14921.715665424776,High
267,El Rancho Unified,101714507.87,8158.97,12466.586820395221,Unified
268,El Segundo Unified,38774925.31,3340.01,11609.224316693662,Unified
270,Glendale Unified,305954698.14,24874.43,12299.968205904617,Unified
271,Glendora Unified,79635072.68,6943.15,11469.58839719724,Unified
276,Inglewood Unified,120144977.68,8201.49,14649.164685929021,Unified
278,La Canada Unified,46643418.7,4036.94,11554.152080536249,Unified
280,Las Virgenes Unified,120746307.83,10663.53,11323.296115826559,Unified
284,Long Beach Unified,907662690.03,69003.32,13153.898827331785,Unified
285,Los Angeles Unified,7213548356.51,453121.47000000003,15919.6790134663,Unified
288,Lynwood Unified,172236162.51,12790.36,13466.091846515656,Unified
289,Monrovia Unified,67353692.04,5149.18,13080.469519418626,Unified
290,Montebello Unified,318976518.95,23871.22,13362.388639960587,Unified
293,Norwalk-La Mirada Unified,223590771.67,16663.21,13418.229240944573,Unified
295,Palos Verdes Peninsula Unified,127056965.43,10824.85,11737.526656720416,Unified
296,Paramount Unified,187494282.21,14139.59,13260.23471755546,Unified
297,Pasadena Unified,216140980.56,15395.84,14038.920939682408,Unified
298,Pomona Unified,292839808.22,21581.65,13568.925833752286,Unified
300,San Marino Unified,40602014.46,2903.36,13984.491919706823,Unified
301,Santa Monica-Malibu Unified,157457042.97,10070.34,15635.722624062346,Unified
303,South Pasadena Unified,49919287.16,4627.27,10788.06448726787,Unified
306,Temple City Unified,59227544.92,5529.05,10712.0653493819,Unified
307,Torrance Unified,246874250.31,22483.7,10980.14340655675,Unified
309,West Covina Unified,118789978.6,8217.89,14455.04607630426,Unified
312,Whittier Union High,158246087.94,10868.3,14560.334913463928,High
313,William S. Hart Union High,255144957.17,21359.3,11945.380100003276,High
315,Compton Unified,290278111.15,19816.21,14648.518114715174,Unified
316,Hacienda La Puente Unified,213546712.57,17395.21,12276.179049864877,Unified
317,Rowland Unified,165022747.51,12728.74,12964.578387962987,Unified
318,Walnut Valley Unified,142291876.74,13575.79,10481.29624427013,Unified
319,San Gabriel Unified,62011475.72,4816.76,12874.105357128026,Unified
320,Acton-Agua Dulce Unified,14654006.7,1027.63,14260.002822027382,Unified
321,Manhattan Beach Unified,87391823.6,6310.7,13848.198076283137,Unified
322,Redondo Beach Unified,103289495.22,9632.86,10722.619784778351,Unified
323,Alhambra Unified,210900295.93,15966.72,13208.742680400233,Unified
324,Wiseburn Unified,28145161.09,2446.43,11504.584676446904,Unified
328,Chowchilla Union High,13012609.29,1035.13,12570.990397341395,High
329,Madera Unified,235737618.91,18888.33,12480.596162286447,Unified
331,Golden Valley Unified,21014692.99,1917.59,10958.908311995787,Unified
332,Chawanakee Unified,9028332.83,693.51,13018.316722181367,Unified
333,Yosemite Unified,18536563.22,1451.42,12771.329608245716,Unified
343,Novato Unified,91430746.7,7120.98,12839.62975601673,Unified
347,San Rafael City High,37237637.81,2490.36,14952.71278449702,High
349,Tamalpais Union High,94233344.32,4784.59,19695.176456080873,High
350,Shoreline Unified,14190854.81,477.13,29742.11391025507,Unified
352,Mariposa County Unified,21381753.97,1597.57,13383.923064404064,Unified
353,Anderson Valley Unified,7792586.68,446.0,17472.16744394619,Unified
354,Fort Bragg Unified,23447250.64,1678.03,13973.081911527208,Unified
356,Mendocino Unified,8682168.75,496.35,17492.02931399214,Unified
357,Round Valley Unified,7960364.91,381.05,20890.60467130298,Unified
358,Ukiah Unified,75204715.36,5592.26,13448.000514997513,Unified
359,Willits Unified,20169877.18,1402.11,14385.374314426115,Unified
360,Potter Valley Community Unified,3995787.29,246.72,16195.63590304799,Unified
361,Laytonville Unified,5637158.67,334.07,16874.184063220284,Unified
362,Leggett Valley Unified,2532724.55,116.14,21807.512915446874,Unified
363,Arena Union Elementary/Point Arena Joint Union High ,7605360.14,343.34000000000003,22151.10426982,Comm admin dist
367,Hilmar Unified,27435691.56,2249.43,12196.730531734707,Unified
369,Le Grand Union High,7339517.27,470.84,15588.13454676748,High
371,Los Banos Unified,123537113.74,10450.78,11820.851050352221,Unified
374,Merced Union High,137544105.4,9945.13,13830.297381733573,High
380,Gustine Unified,21609694.15,1736.58,12443.823002683435,Unified
382,Dos Palos Oro Loma Joint Unified,30401652.8,2281.61,13324.649173171576,Unified
383,Delhi Unified,32689459.85,2465.1,13260.90619041824,Unified
384,Surprise Valley Joint Unified,1758735.3,108.03,16280.063871146904,Unified
385,Modoc Joint Unified,9123385.6,801.48,11383.173129710036,Unified
386,Tulelake Basin Joint Unified,5821482.63,363.31,16023.458286311965,Unified
387,Eastern Sierra Unified,10198560.88,382.96,26630.87758512639,Unified
388,Mammoth Unified,14107207.29,1146.87,12300.615841376966,Unified
391,Carmel Unified,56264100.31,2359.12,23849.613546576693,Unified
396,South Monterey County Joint Union High,30055679.87,2200.76,13656.954811065267,High
399,Monterey Peninsula Unified,117786078.57,9011.46,13070.69870697978,Unified
400,Pacific Grove Unified,33796400.62,1904.3,17747.4140734128,Unified
402,Salinas Union High,190887922.52,14887.63,12821.914738611855,High
409,North Monterey County Unified,57712048.34,4320.11,13358.930291126848,Unified
410,Big Sur Unified,924327.85,11.02,83877.30036297641,Unified
411,Soledad Unified,60495166.91,4622.05,13088.384355426704,Unified
412,Gonzales Unified,30370795.07,2257.99,13450.367393123974,Unified
413,Calistoga Joint Unified,16625776.24,833.56,19945.506310283603,Unified
415,Napa Valley Unified,192879519.21,15697.36,12287.38585405444,Unified
417,Saint Helena Unified,33564781.54,1262.1,26594.3915220664,Unified
422,Nevada Joint Union High,37324644.1,2383.46,15659.85756001779,High
428,Anaheim Union High,364477147.08,28683.0,12707.079004288255,High
429,Brea-Olinda Unified,57997560.68,5776.97,10039.442939811008,Unified
431,Capistrano Unified,473897665.4,45170.979999999996,10491.197343958445,Unified
436,Fullerton Joint Union High,154360657.94,13012.74,11862.27173831184,High
437,Garden Grove Unified,529652657.8,40854.24,12964.447699920498,Unified
439,Huntington Beach Union High,191539816.73,15164.13,12631.111493372848,High
440,Laguna Beach Unified,57162920.9,2737.99,20877.695280114247,Unified
443,Newport-Mesa Unified,292042176.01,19606.46,14895.201684036792,Unified
445,Orange Unified,279010634.57,24206.8,11526.126318637738,Unified
446,Placentia-Yorba Linda Unified,265699576.55,24262.65,10950.971000694482,Unified
447,Santa Ana Unified,625032698.53,44928.91,13911.592747965618,Unified
450,Saddleback Valley Unified,296122935.12,25523.67,11601.894834089298,Unified
451,Tustin Unified,246274739.01,22921.38,10744.324251419417,Unified
452,Irvine Unified,376943898.29,34271.72,10998.686330595605,Unified
453,Los Alamitos Unified,108644810.37,9470.12,11472.379480935828,Unified
464,Placer Union High,47448637.17,3679.26,12896.244671482853,High
466,Roseville Joint Union High,118922913.32,9797.62,12137.938940273249,High
467,Tahoe-Truckee Unified,69497224.88,3675.66,18907.413873970934,Unified
468,Western Placer Unified,74358031.53,6764.79,10991.920152732015,Unified
469,Rocklin Unified,127901296.11,11589.79,11035.687109947634,Unified
470,Plumas Unified,27008743.89,1701.58,15872.744090786211,Unified
471,Alvord Unified,233776019.91,17539.61,13328.461688144718,Unified
472,Banning Unified,57967453.27,4244.92,13655.723375234398,Unified
473,Beaumont Unified,113392474.64,9960.32,11384.420845916597,Unified
474,Corona-Norco Unified,576153307.81,50989.66,11299.414583466529,Unified
475,Desert Center Unified,1217928.21,25.15,48426.5689860835,Unified
476,Desert Sands Unified,328383803.36,24772.64,13255.906651854628,Unified
477,Hemet Unified,272916593.57,20074.85,13594.950575969435,Unified
478,Jurupa Unified,227215666.25,18355.5,12378.614924681975,Unified
480,Moreno Valley Unified,418387905.2,30564.66,13688.616369362524,Unified
482,Palm Springs Unified,299003247.04,20338.86,14701.08192101229,Unified
483,Palo Verde Unified,35111393.77,2761.97,12712.445743436752,Unified
485,Perris Union High,122746122.8,9008.25,13625.967618571864,High
486,Riverside Unified,498809655.54,38720.17,12882.424213013528,Unified
488,San Jacinto Unified,123520040.12,9605.69,12859.049180225471,Unified
489,Coachella Valley Unified,236206586.5,16838.64,14027.65226289059,Unified
490,Lake Elsinore Unified,246377365.6,20092.33,12262.259558747042,Unified
491,Temecula Valley Unified,282842860.92,26622.22,10624.31536212983,Unified
492,Murrieta Valley Unified,239474229.09,22088.73,10841.4666252881,Unified
493,Val Verde Unified,235133285.57,19342.17,12156.5101314899,Unified
495,Elk Grove Unified,733618038.49,60022.32,12222.420567715477,Unified
497,Folsom-Cordova Unified,223508669.27,19502.48,11460.525495731825,Unified
499,Galt Joint Union High,27835247.62,2071.02,13440.356742088441,High
500,River Delta Joint Unified,23790801.14,1849.39,12864.13419559963,Unified
502,Sacramento City Unified,521831152.21,38125.12,13687.331402760174,Unified
503,San Juan Unified,475626254.48,37400.58,12717.082314766241,Unified
504,Center Joint Unified,50745057.83,4013.33,12644.127901269021,Unified
505,Natomas Unified,122032772.6,9753.65,12511.498013564153,Unified
506,Twin Rivers Unified,340385281.1,24149.91,14094.681143739253,Unified
513,San Benito High,36403245.68,2908.26,12517.190925157996,High
517,Aromas - San Juan Unified,12162212.93,991.85,12262.14944800121,Unified
520,Barstow Unified,75006946.74,5858.64,12802.791559133177,Unified
521,Bear Valley Unified,27423963.79,2282.28,12016.038255604044,Unified
523,Chaffey Joint Union High,293120630.13,22608.79,12964.89684454586,High
524,Chino Valley Unified,283900834.93,26516.36,10706.629225504557,Unified
525,Colton Joint Unified,258065325.4,20829.13,12389.635352028625,Unified
528,Fontana Unified,490696592.89,34877.72,14069.05591563898,Unified
530,Morongo Unified,103824160.95,7941.35,13073.867912886348,Unified
533,Needles Unified,12449126.19,917.44,13569.417280694104,Unified
536,Redlands Unified,234187470.66,19876.22,11782.294151503655,Unified
537,Rialto Unified,324271619.14,23921.22,13555.814425016782,Unified
538,Rim of The World Unified,35790037.76,3015.46,11868.848454298846,Unified
539,San Bernardino City Unified,711904641.44,45957.02,15490.66152331026,Unified
540,Trona Joint Unified,7416804.71,264.78,28011.196880429037,Unified
542,Victor Valley Union High,136183180.21,9773.36,13934.120937937414,High
543,Yucaipa-Calimesa Joint Unified,91353178.14,7855.5,11629.199686843613,Unified
544,Baker Valley Unified,2836031.04,129.6,21882.955555555556,Unified
545,Silver Valley Unified,30307581.43,2033.86,14901.50818148742,Unified
546,Snowline Joint Unified,87666436.84,6985.67,12549.467243657373,Unified
547,Hesperia Unified,252991214.01,20624.51,12266.532102338431,Unified
548,Lucerne Valley Unified,11263609.3,695.63,16191.954487299285,Unified
549,Upland Unified,119512502.99,10195.74,11721.807636326545,Unified
550,Apple Valley Unified,157161110.73,12378.06,12696.74817620855,Unified
552,Borrego Springs Unified,6543356.21,370.68,17652.30444048775,Unified
556,Coronado Unified,39984983.8,2941.52,13593.306793766487,Unified
561,Escondido Union High,101865134.13,6895.17,14773.404300401584,High
563,Fallbrook Union High,29705169.06,2000.76,14846.942691777123,High
564,Grossmont Union High,226587296.33,15397.78,14715.582137814672,High
567,Julian Union High,2886984.77,99.77,28936.40142327353,High
571,Mountain Empire Unified,23130086.01,1613.82,14332.506729375025,Unified
573,Poway Unified,396797404.8,35164.22,11284.123600637238,Unified
574,Ramona City Unified,58217694.74,5159.79,11282.958170778269,Unified
576,San Diego Unified,1356169715.64,97649.78,13888.098013533672,Unified
577,San Dieguito Union High,146644610.66,12557.03,11678.287832393487,High
584,Sweetwater Union High,468898039.49,36824.64,12733.268797468218,High
586,Vista Unified,268375961.4,19704.19,13620.248353269028,Unified
587,Carlsbad Unified,121676852.86,10913.85,11148.847827302006,Unified
588,Oceanside Unified,213083865.34,16593.23,12841.614642839279,Unified
589,San Marcos Unified,226996969.2,20100.82,11292.920846015237,Unified
590,Warner Unified,4095062.81,180.97,22628.406973531524,Unified
591,Valley Center-Pauma Unified,45871848.3,3774.72,12152.384362283825,Unified
592,Bonsall Unified,25237742.54,2616.76,9644.6531359391,Unified
593,San Francisco Unified,817101561.65,49912.87,16370.558568361224,Unified
595,Escalon Unified,26822743.45,2570.16,10436.215430167773,Unified
597,Lincoln Unified,99275018.86,8449.34,11749.440649802233,Unified
598,Linden Unified,26302785.06,2210.93,11896.706390523444,Unified
599,Lodi Unified,335315008.07,27091.33,12377.207323154676,Unified
600,Manteca Unified,260766084.03,22301.87,11692.565871382087,Unified
604,Ripon Unified,32643980.56,3165.31,10313.043765065664,Unified
605,Stockton Unified,500026300.5,32964.89,15168.450448340644,Unified
606,Tracy Joint Unified,162366066.49,13971.6,11621.150511752412,Unified
607,Lammersville Joint Unified,52688591.97,5198.23,10135.87162745781,Unified
608,Atascadero Unified,49932928.57,4503.37,11087.90274172453,Unified
610,Lucia Mar Unified,113426693.98,9847.93,11517.820900432884,Unified
612,San Luis Coastal Unified,96158404.77,7235.1,13290.542600655139,Unified
614,Shandon Joint Unified,4479224.87,283.55,15796.948933168753,Unified
615,Templeton Unified,25289893.54,2311.36,10941.564074830401,Unified
616,Paso Robles Joint Unified,78893149.23,6433.66,12262.56115958879,Unified
617,Coast Unified,11575788.78,535.36,21622.438695457262,Unified
622,Cabrillo Unified,38226512.39,3012.99,12687.235068818683,Unified
625,Jefferson Union High,54450201.31,4068.71,13382.669521789461,High
627,La Honda-Pescadero Unified,6712706.41,301.21,22285.801965406197,Unified
637,San Mateo Union High,164053046.48,8474.8,19357.74844008118,High
638,Sequoia Union High,161718393.86,8336.71,19398.34705297414,High
639,South San Francisco Unified,103511767.67,7982.84,12966.784711957149,Unified
645,Carpinteria Unified,30542984.0,2072.64,14736.27064999228,Unified
651,Lompoc Unified,110323664.39,9023.57,12226.165962030549,Unified
655,Santa Maria Joint Union High,100586863.54,7651.84,13145.447832155403,High
656,Santa Ynez Valley Union High,11593194.09,876.6,13225.18148528405,High
659,Cuyama Joint Unified,3462449.03,186.65,18550.490383069915,Unified
660,Santa Barbara Unified,166324897.83,12603.35,13196.880022375004,Unified
665,Campbell Union High,106899706.23,7785.49,13730.633040438046,High
667,East Side Union High,285829345.07,21330.1,13400.28153032569,High
670,Fremont Union High,165529877.91,10591.23,15628.956968170836,High
671,Gilroy Unified,128503511.99,10481.27,12260.299752797131,Unified
676,Los Gatos-Saratoga Joint Union High,57952308.91,3380.89,17141.14002821742,High
679,Morgan Hill Unified,90662331.48,7845.76,11555.583076719146,Unified
681,Mountain View-Los Altos Union High,96772070.75,4194.27,23072.446635528944,High
685,Palo Alto Unified,263967064.09,11539.11,22875.859931138537,Unified
686,San Jose Unified,348554444.47,28193.81,12362.800361852478,Unified
687,Santa Clara Unified,279246633.25,14598.03,19129.062842726038,Unified
691,Milpitas Unified,115757306.08,9951.26,11632.427057478148,Unified
692,Santa Cruz City Elementary/High,88362330.58,6080.16,14532.895611299702,Comm admin dist
698,Pajaro Valley Unified,260323635.18,16968.45,15341.627265896414,Unified
699,San Lorenzo Valley Unified,27394860.62,2191.04,12503.131216226086,Unified
701,Scotts Valley Unified,23959088.42,2328.43,10289.804039631856,Unified
702,Anderson Union High,18819343.45,1427.43,13184.074490517924,High
710,Fall River Joint Unified,16082930.76,1107.26,14524.981269078626,Unified
723,Shasta Union High,57100002.29,4097.72,13934.57881211991,High
726,Gateway Unified,29777201.83,2116.85,14066.750988497059,Unified
727,Sierra-Plumas Joint Unified,5792083.7,377.56,15340.829801885793,Unified
733,Dunsmuir Joint Union High,1797933.16,54.82,32797.02955125866,High
746,Siskiyou Union High,8741694.07,515.06,16972.185900671768,High
750,Yreka Union High,9151212.53,585.18,15638.286561399911,High
751,Butte Valley Unified,4072326.67,273.06,14913.669779535632,Unified
752,Scott Valley Unified,8776308.74,633.16,13861.123160022744,Unified
753,Benicia Unified,47907683.29,4454.46,10754.992364955573,Unified
754,Dixon Unified,36506721.41,3031.35,12043.057189041185,Unified
755,Fairfield-Suisun Unified,219811559.4,20390.67,10780.006708950712,Unified
756,Travis Unified,58423236.52,5289.46,11045.217568523063,Unified
757,Vacaville Unified,122295710.69,10883.27,11237.037277399164,Unified
758,Vallejo City Unified,150107174.79,10878.6,13798.390858198663,Unified
759,Petaluma City Elementary/Joint Union High,89056295.88,7137.72,12476.85477715573,Comm admin dist
760,Santa Rosa City Schools,184598204.56,13597.52,13575.87299448723,Comm admin dist
762,West Sonoma County Union High,22313161.76,1706.2,13077.694150744344,High
766,Cloverdale Unified,17819173.92,1308.54,13617.599706543171,Unified
770,Geyserville Unified,4126485.56,216.26,19081.131785813373,Unified
787,Sonoma Valley Unified,51923529.47,3624.02,14327.605661668533,Unified
794,Cotati-Rohnert Park Unified,70052793.76,5451.88,12849.291209637777,Unified
795,Windsor Unified,45858243.04,3701.78,12388.160031120164,Unified
796,Healdsburg Unified,22925988.7,1363.12,16818.76041727801,Unified
797,Modesto City Schools,372364880.75,28117.879999999997,13242.99274162917,Comm admin dist
798,Ceres Unified,160295158.34,13122.3,12215.477343148686,Unified
800,Denair Unified,16608946.79,1223.1299999999999,13579.05274991211,Unified
808,Patterson Joint Unified,75714529.71,5728.4,13217.395731792472,Unified
815,Newman-Crows Landing Unified,39499642.97,3077.37,12835.519606027225,Unified
816,Hughson Unified,21977692.9,1965.96,11179.114987080102,Unified
817,Riverbank Unified,35204813.16,2284.66,15409.213257114843,Unified
818,Oakdale Joint Unified,55107626.93,5040.21,10933.59739574343,Unified
819,Waterford Unified,22419982.45,1726.74,12983.994376686704,Unified
820,Turlock Unified,167998002.49,13455.59,12485.368719617647,Unified
823,East Nicolaus Joint Union High,3400815.91,286.79,11858.209526134106,High
825,Live Oak Unified,21008591.37,1766.13,11895.268960948515,Unified
830,Sutter Union High,8138204.03,723.2,11253.047607853981,High
832,Yuba City Unified,152239409.58,11722.5,12986.940463211773,Unified
835,Corning Union High,12521664.56,954.49,13118.696434745258,High
842,Los Molinos Unified,7379135.55,532.97,13845.31127455579,Unified
844,Red Bluff Joint Union High,21509751.29,1538.1,13984.624725310448,High
853,Southern Trinity Joint Unified,2396141.58,84.64,28309.80127599244,Unified
854,Mountain Valley Unified,4432838.81,244.91,18099.86856396227,Unified
855,Trinity Alps Unified,10470101.73,682.24,15346.654740267355,Unified
857,Alpaugh Unified,4284673.95,301.57,14207.891865901782,Unified
862,Cutler-Orosi Joint Unified,51526210.03,3940.12,13077.319987716111,Unified
869,Lindsay Unified,67878366.04,3941.17,17222.897271622387,Unified
890,Tulare Joint Union High,73170089.68,5379.58,13601.450239609785,High
891,Visalia Unified,328174802.84,27668.73,11860.855299104802,Unified
894,Farmersville Unified,33044278.39,2410.62,13707.792348026649,Unified
895,Porterville Unified,157617978.35,12599.96,12509.40307350182,Unified
896,Dinuba Unified,76425914.54,6302.28,12126.708832359085,Unified
897,Woodlake Unified,26587448.21,2015.75,13189.854004712886,Unified
898,Exeter Unified,32297132.11,2617.14,12340.620719564105,Unified
904,Sonora Union High,13308893.38,956.74,13910.66891736522,High
907,Summerville Union High,6295861.02,350.21,17977.387910111076,High
909,Big Oak Flat-Groveland Unified,5191162.68,275.93,18813.33193201174,Unified
911,Fillmore Unified,46360060.99,3602.9,12867.42929029393,Unified
916,Ojai Unified,26036825.12,2269.98,11470.068071084326,Unified
918,Oxnard Union High,193371793.25,15419.26,12540.925650777015,High
922,Simi Valley Unified,177362376.93,15734.71,11272.046127955331,Unified
924,Ventura Unified,180163180.21,15664.32,11501.500238120774,Unified
925,Conejo Valley Unified,190389889.59,17728.65,10739.108143598074,Unified
926,Oak Park Unified,45781712.28,4424.57,10347.15515406017,Unified
927,Moorpark Unified,62563919.66,5896.79,10609.826644665996,Unified
928,Santa Paula Unified,67356343.91,5020.07,13417.41129306962,Unified
929,Davis Joint Unified,98731785.69,7674.57,12864.79707527588,Unified
930,Esparto Unified,12549729.57,886.9,14150.106629834256,Unified
931,Washington Unified,90438943.04,7249.84,12474.612272822573,Unified
932,Winters Joint Unified,18640169.58,1471.93,12663.76089895579,Unified
933,Woodland Joint Unified,112276752.21,9221.81,12175.131802758895,Unified
935,Marysville Joint Unified,107389549.48,9072.18,11837.237519537752,Unified
938,Wheatland Union High,9310830.77,748.75,12435.166303839733,High
